<?xml version='1.0' encoding='UTF-8' ?>
<timeLogEntries>
  <time id="89" delta="-180" comment="" flag="M" />
  <time id="91" start="@1495097544000" delta="-180" flag="M" />
  <time id="100" flag="D" />
  <time id="101" path="/Proyecto_CamiloPenagos/PSP2.1/Test" start="@1495543712000" delta="160" flag="A" />
  <time id="94" delta="-60" flag="M" />
  <time id="98" start="@1495431808000" flag="M" />
  <time id="102" path="/Proyecto_CamiloPenagos/PSP2.1/Postmortem" start="@1495552774000" delta="12" comment="El proyecto final  fue un proceso muy interesante , donde se demostro todo lo aprendid y todo lo que se puede lograr con la programacion , a la misma vez es un proceso agobiante debido a la cantidad de errores y bugs que se presentan , sobre todo con los hilos ,ya que al manejar varios hilos el juego se lagea mucho. la programacion es un proceso complejo pero que deja grandes resultados." flag="A" />
  <time id="103" flag="D" />
  <time id="104" flag="D" />
  <time id="105" flag="D" />
</timeLogEntries>
