<?xml version='1.0' encoding='UTF-8' ?>
<timeLogEntries>
  <time id="1" path="/LAB2/PSP2.1/Planning" start="@1485626004359" delta="70" />
  <time id="2" path="/LAB2/PSP2.1/Design" start="@1485630283154" delta="303" />
  <time id="3" path="/LAB2/PSP2.1/Design Review" start="@1485648435700" delta="1" />
  <time id="4" path="/LAB2/PSP2.1/Code" start="@1485648437923" delta="224" />
  <time id="5" path="/LAB2/PSP2.1/Code" start="@1485721777430" delta="84" />
  <time id="6" path="/LAB2/PSP2.1/Code Review" start="@1485726797411" delta="1" />
  <time id="7" path="/LAB2/PSP2.1/Compile" start="@1485726800577" delta="2" />
  <time id="8" path="/lab3/PSP2.1/Planning" start="@1486229054089" delta="39" />
  <time id="9" path="/lab3/PSP2.1/Design" start="@1486231392028" delta="56" />
  <time id="10" path="/lab3/PSP2.1/Design" start="@1486235114751" delta="8" />
  <time id="11" path="/lab3/PSP2.1/Design Review" start="@1486235595198" delta="1" />
  <time id="12" path="/lab3/PSP2.1/Code" start="@1486235596310" delta="39" />
  <time id="13" path="/U2L2_TIEMPO/PSP2.1/Planning" start="@1487428491132" delta="135" />
  <time id="14" path="/U2L2_TIEMPO/PSP2.1/Design" start="@1487436618409" delta="110" />
  <time id="15" path="/U2L2_TIEMPO/PSP2.1/Design" start="@1487520316962" delta="117" />
  <time id="16" path="/U2L2_TIEMPO/PSP2.1/Design Review" start="@1487527323337" delta="1" />
  <time id="17" path="/U2L2_TIEMPO/PSP2.1/Code" start="@1487527325972" delta="105" />
  <time id="18" path="/U2L2_TIEMPO/PSP2.1/Code Review" start="@1487533606107" delta="1" />
  <time id="19" path="/U2L2_TIEMPO/PSP2.1/Test" start="@1487533613892" delta="10" />
  <time id="20" path="/LAB:D2/PSP2.1/Planning" start="@1488596381000" delta="110" />
  <time id="21" path="/LAB:D2/PSP2.1/Design" start="@1488602966000" delta="45" />
  <time id="22" path="/LAB:D2/PSP2.1/Design Review" start="@1488602969357" delta="1" />
  <time id="23" path="/LAB:D2/PSP2.1/Code" start="@1488519993000" delta="31" />
  <time id="24" path="/LAB:D2/PSP2.1/Code" start="@1488642488000" delta="133" interrupt="3" />
  <time id="26" path="/LAB:D2/PSP2.1/Code Review" start="@1488650677662" delta="1" />
  <time id="27" path="/LAB:D2/PSP2.1/Compile" start="@1488650678835" delta="1" />
  <time id="28" path="/LAB:D2/PSP2.1/Test" start="@1488650744427" delta="1" />
  <time id="29" path="/LAB:D2/PSP2.1/Postmortem" start="@1488650745483" />
  <time id="30" path="/LAB_PELOTAS/PSP2.1/Planning" start="@1489262133764" delta="113" />
  <time id="31" path="/LAB_PELOTAS/PSP2.1/Design" start="@1489268888000" delta="85" />
  <time id="33" path="/LAB_PELOTAS/PSP2.1/Design Review" start="@1489331622339" delta="1" />
  <time id="34" path="/LAB_PELOTAS/PSP2.1/Code" start="@1489331624743" delta="66" interrupt="2" />
  <time id="35" path="/LAB_PELOTAS/PSP2.1/Code" start="@1489363583273" delta="1" />
  <time id="36" path="/LAB_PELOTAS/PSP2.1/Code Review" start="@1489363584799" delta="1" />
  <time id="37" path="/LAB_PELOTAS/PSP2.1/Compile" start="@1489363585593" delta="3" />
  <time id="38" path="/U4L1_CAMILOPENAGOS/PSP2.1/Planning" start="@1489791046503" delta="68" />
  <time id="39" path="/U4L1_CAMILOPENAGOS/PSP2.1/Design" start="@1489795150073" delta="117" />
  <time id="40" path="/U4L1_CAMILOPENAGOS/PSP2.1/Design Review" start="@1489802175483" delta="11" />
  <time id="42" path="/U4L1_CAMILOPENAGOS/PSP2.1/Code" start="@1489807618506" delta="100" />
  <time id="43" path="/U4L1_CAMILOPENAGOS/PSP2.1/Code Review" start="@1489771644000" delta="1" />
  <time id="44" path="/U4L1_CAMILOPENAGOS/PSP2.1/Compile" start="@1489771769000" delta="8" />
  <time id="45" path="/U4L1_CAMILOPENAGOS/PSP2.1/Test" start="@1489942787111" delta="6" />
  <time id="46" path="/U4L1_CAMILOPENAGOS/PSP2.1/Postmortem" start="@1489943164057" />
  <time id="47" path="/U4L2Camilo-Penagos/PSP2.1/Planning" start="@1490445794000" delta="33" comment="" />
  <time id="48" path="/U4L2Camilo-Penagos/PSP2.1/Design" start="@1490447798000" delta="81" comment="" />
  <time id="49" path="/U4L2Camilo-Penagos/PSP2.1/Design Review" start="@1490453683000" delta="1" />
  <time id="50" path="/U4L2Camilo-Penagos/PSP2.1/Code" start="@1490453863000" delta="141" />
  <time id="51" path="/U4L2Camilo-Penagos/PSP2.1/Code Review" start="@1490419663000" delta="1" comment="" />
  <time id="52" path="/U4L2Camilo-Penagos/PSP2.1/Compile" start="@1490419969000" delta="17" comment="" />
  <time id="53" path="/U4L2Camilo-Penagos/PSP2.1/Test" start="@1490462114443" delta="1" />
  <time id="54" path="/U4L2Camilo-Penagos/PSP2.1/Postmortem" start="@1490462116204" />
  <time id="55" path="/LAB_LISTAS/PSP2.1/Planning" start="@1491592827944" delta="39" />
  <time id="56" path="/LAB_LISTAS/PSP2.1/Design" start="@1491595195020" delta="52" />
  <time id="57" path="/LAB_LISTAS/PSP2.1/Design Review" start="@1491598325370" delta="1" />
  <time id="58" path="/LAB_LISTAS/PSP2.1/Code" start="@1491598327679" delta="106" />
  <time id="59" path="/LAB_LISTAS/PSP2.1/Code Review" start="@1491604701931" delta="1" />
  <time id="60" path="/LAB_LISTAS/PSP2.1/Compile" start="@1491604710111" delta="27" />
  <time id="61" path="/LAB_LISTAS/PSP2.1/Test" start="@1491606309974" delta="1" />
  <time id="62" path="/LAB_LISTAS/PSP2.1/Postmortem" start="@1491606311141" />
  <time id="63" path="/Lab_ListaDoble_CamiloPenagos/PSP2.1/Planning" start="@1492873597673" delta="68" />
  <time id="64" path="/Lab_ListaDoble_CamiloPenagos/PSP2.1/Design" start="@1492877684000" delta="53" comment="" />
  <time id="65" path="/Lab_ListaDoble_CamiloPenagos/PSP2.1/Design Review" start="@1492881461000" delta="1" />
  <time id="66" path="/Lab_ListaDoble_CamiloPenagos/PSP2.1/Code" start="@1492881617000" delta="109" interrupt="2" />
  <time id="67" path="/Lab_ListaDoble_CamiloPenagos/PSP2.1/Code Review" start="@1492888798000" delta="1" />
  <time id="68" path="/Lab_ListaDoble_CamiloPenagos/PSP2.1/Compile" start="@1492890206442" delta="50" />
  <time id="69" path="/Lab_ListaDoble_CamiloPenagos/PSP2.1/Test" start="@1492893223041" delta="1" />
  <time id="70" path="/Lab_ListaDoble_CamiloPenagos/PSP2.1/Postmortem" start="@1492893254347" />
  <time id="71" path="/lab_Recursividad/PSP2.1/Planning" start="@1493482859090" delta="228" />
  <time id="72" path="/lab_Recursividad/PSP2.1/Design" start="@1493496526976" delta="136" />
  <time id="73" path="/lab_Recursividad/PSP2.1/Design Review" start="@1493504693667" delta="1" />
  <time id="74" path="/lab_Recursividad/PSP2.1/Code" start="@1493504695621" delta="72" />
  <time id="75" path="/lab_Recursividad/PSP2.1/Code" start="@1493563693736" delta="159" />
  <time id="76" path="/lab_Recursividad/PSP2.1/Code Review" start="@1493573240359" delta="1" />
  <time id="77" path="/lab_Recursividad/PSP2.1/Compile" start="@1493573243036" delta="13" />
  <time id="78" path="/lab_Recursividad/PSP2.1/Test" start="@1493574022406" delta="1" />
  <time id="79" path="/lab_Recursividad/PSP2.1/Postmortem" start="@1493574024427" />
  <time id="80" path="/lab_arboles_camiloP/PSP2.1/Planning" start="@1494088711699" delta="122" />
  <time id="81" path="/lab_arboles_camiloP/PSP2.1/Design" start="@1494096052819" delta="152" />
  <time id="82" path="/lab_arboles_camiloP/PSP2.1/Design Review" start="@1494105143678" delta="1" />
  <time id="83" path="/lab_arboles_camiloP/PSP2.1/Code" start="@1494105144040" delta="282" />
  <time id="84" path="/lab_arboles_camiloP/PSP2.1/Code" start="@1494178455426" delta="70" />
  <time id="85" path="/lab_arboles_camiloP/PSP2.1/Code Review" start="@1494182659729" delta="1" />
  <time id="86" path="/lab_arboles_camiloP/PSP2.1/Compile" start="@1494182666310" delta="23" />
  <time id="87" path="/lab_arboles_camiloP/PSP2.1/Test" start="@1494184071025" delta="1" />
  <time id="88" path="/lab_arboles_camiloP/PSP2.1/Postmortem" start="@1494184071673" />
  <time id="89" path="/Proyecto_CamiloPenagos/PSP2.1/Planning" start="@1494978048000" delta="270" />
  <time id="90" path="/Proyecto_CamiloPenagos/PSP2.1/Planning" start="@1494813786000" delta="202" />
  <time id="91" path="/Proyecto_CamiloPenagos/PSP2.1/Design" start="@1495093944000" delta="366" />
  <time id="92" path="/Proyecto_CamiloPenagos/PSP2.1/Design Review" start="@1495213144000" delta="77" />
  <time id="94" path="/Proyecto_CamiloPenagos/PSP2.1/Code" start="@1495290622000" delta="310" />
  <time id="95" path="/Proyecto_CamiloPenagos/PSP2.1/Code" start="@1495330681000" delta="190" comment="" />
  <time id="96" path="/Proyecto_CamiloPenagos/PSP2.1/Code" start="@1495391965000" delta="126" />
  <time id="97" path="/Proyecto_CamiloPenagos/PSP2.1/Code Review" start="@1495413643000" delta="62" />
  <time id="98" path="/Proyecto_CamiloPenagos/PSP2.1/Compile" start="@1495482208000" delta="70" comment="" />
  <time id="100" path="/Proyecto_CamiloPenagos/PSP2.1/Compile" start="@1495550691628" delta="1" />
</timeLogEntries>
