<?xml version='1.0' encoding='UTF-8' ?>
<timeLogEntries>
  <time id="2" path="/16111003_APO1_U3L2/PSP0/Planning" start="@1474648263327" delta="1" />
  <time id="3" path="/16111003_APO1_U3L2/PSP0/Planning" start="@1474649406615" delta="6" />
  <time id="4" path="/16111003_APO1_U3L2/PSP0/Design" start="@1474649761834" delta="8" />
  <time id="5" path="/16111003_APO1_U3L2/PSP0/Design" start="@1474650729645" delta="14" />
  <time id="6" path="/16111003_APO1_U3L2/PSP0/Design" start="@1474652265666" delta="4" />
  <time id="7" path="/16111003_APO1_U3L2/PSP0/Design" start="@1474727648375" delta="6" />
  <time id="8" path="/16111003_APO1_U3L2/PSP0/Design" start="@1474812696631" delta="19" />
  <time id="9" path="/16111003_APO1_U3L2/PSP0/Design" start="@1474816991996" delta="41" />
  <time id="10" path="/16111003_APO1_U3L2/PSP0/Design" start="@1474820124482" delta="109" />
  <time id="11" path="/16111003_APO1_U3L2/PSP0/Design" start="@1474829977200" delta="90" />
  <time id="12" path="/16111003_APO1_U3L2/PSP0/Code" start="@1474835433847" delta="55" />
  <time id="13" path="/16111003_APO1_U3L2/PSP0/Compile" start="@1474838743304" delta="40" />
  <time id="14" path="/16111003_APO1_U3L2/PSP0/Test" start="@1474841134999" delta="30" />
  <time id="15" path="/16111003_APO1_U3L2/PSP0/Postmortem" start="@1474842911581" delta="18" />
  <time id="16" path="/APO1_161_U4L2/PSP0/Planning" start="@1475796909656" delta="131" />
  <time id="17" path="/APO1_161_U4L2/PSP0/Planning" start="@1475857290488" delta="5" interrupt="6" />
  <time id="18" path="/APO1_161_U4L2/PSP0/Planning" start="@1475933806952" delta="62" />
  <time id="19" path="/APO1_161_U4L2/PSP0/Design" start="@1475937547104" delta="65" />
  <time id="20" path="/APO1_161_U4L2/PSP0/Code" start="@1475941438723" delta="27" />
  <time id="21" path="/APO1_161_U4L2/PSP0/Compile" start="@1475943044757" delta="25" />
  <time id="22" path="/APO1_161_U4L2/PSP0/Test" start="@1475944566695" delta="23" interrupt="92" />
  <time id="23" path="/APO1_161_U4L2/PSP0/Postmortem" start="@1475951475592" delta="13" />
  <time id="24" path="/APOI_U5L1/PSP0/Planning" start="@1477068854970" delta="14" />
  <time id="25" path="/APOI_U5L1/PSP0/Planning" start="@1477141975552" delta="55" />
  <time id="26" path="/APOI_U5L1/PSP0/Design" start="@1477145271893" delta="71" />
  <time id="27" path="/APOI_U5L1/PSP0/Code" start="@1477149517872" delta="18" />
  <time id="28" path="/APOI_U5L1/PSP0/Compile" start="@1477150589216" delta="128" />
  <time id="29" path="/APOI_U5L1/PSP0/Test" start="@1477165237747" delta="8" />
  <time id="30" path="/APOI_U5L1/PSP0/Postmortem" start="@1477165730535" delta="26" />
  <time id="31" path="/APOI_U5L2_Varela_David/new/PSP0/Planning" start="@1477752431440" delta="30" />
  <time id="32" path="/APOI_U5L2_Varela_David/new/PSP0/Design" start="@1477754219061" delta="37" />
  <time id="33" path="/APOI_U5L2_Varela_David/new/PSP0/Code" start="@1477793843935" delta="75" />
  <time id="34" path="/APOI_U5L2_Varela_David/new/PSP0/Compile" start="@1477835741435" delta="53" />
  <time id="35" path="/APOI_U5L2_Varela_David/new/PSP0/Test" start="@1477838935529" delta="58" />
  <time id="36" path="/APOI_U5L2_Varela_David/new/PSP0/Postmortem" start="@1477842480375" delta="10" />
  <time id="37" path="/APOI_U6L1_Varela_David/PSP0/Planning" start="@1478342732175" delta="161" />
  <time id="38" path="/APOI_U6L1_Varela_David/PSP0/Design" start="@1478352394185" delta="91" />
  <time id="39" path="/APOI_U6L1_Varela_David/PSP0/Code" start="@1478357824720" delta="61" />
  <time id="40" path="/APOI_U6L1_Varela_David/PSP0/Compile" start="@1478361481706" delta="29" interrupt="318" />
  <time id="41" path="/APOI_U6L1_Varela_David/PSP0/Test" start="@1478382312588" delta="17" />
  <time id="42" path="/Proyecto_162_Penagos_Camilo-Varela_David/PSP0/Planning" start="@1478636619847" delta="87" comment="Varela" />
  <time id="44" path="/Proyecto_162_Penagos_Camilo-Varela_David/PSP0/Planning" start="@1478658686000" delta="126" comment="Penagos" />
  <time id="45" path="/APOI_U6L2_Varela_David/PSP0/Planning" start="@1478970148823" delta="40" />
  <time id="46" path="/APOI_U6L2_Varela_David/PSP0/Design" start="@1478972945666" delta="47" />
  <time id="47" path="/APOI_U6L2_Varela_David/PSP0/Code" start="@1478979371364" delta="53" />
  <time id="48" path="/APOI_U6L2_Varela_David/PSP0/Compile" start="@1478982560715" delta="20" />
  <time id="49" path="/APOI_U6L2_Varela_David/PSP0/Test" start="@1478983741810" delta="28" />
  <time id="50" path="/APOI_U6L2_Varela_David/PSP0/Postmortem" start="@1478985436279" delta="15" />
  <time id="51" path="/ProyectoFinalAPOI_Varela_Andres_Penagos_Camilo/PSP0/Planning" start="@1479932817000" delta="80" comment="Varela" />
  <time id="52" path="/ProyectoFinalAPOI_Varela_Andres_Penagos_Camilo/PSP0/Planning" start="@1479943618000" delta="51" comment="Penagos" />
  <time id="53" path="/ProyectoFinalAPOI_Varela_Andres_Penagos_Camilo/PSP0/Design" start="@1479954499000" delta="198" comment="Varela" />
  <time id="54" path="/ProyectoFinalAPOI_Varela_Andres_Penagos_Camilo/PSP0/Design" start="@1479950901000" delta="150" comment="Penagos" />
  <time id="55" path="/ProyectoFinalAPOI_Varela_Andres_Penagos_Camilo/PSP0/Code" start="@1480087958000" delta="123" comment="Penagos" />
  <time id="56" path="/ProyectoFinalAPOI_Varela_Andres_Penagos_Camilo/PSP0/Code" start="@1480102359000" delta="223" comment="Varela" />
  <time id="57" path="/ProyectoFinalAPOI_Varela_Andres_Penagos_Camilo/PSP0/Compile" start="@1480167316000" delta="131" comment="Varela" />
  <time id="58" path="/ProyectoFinalAPOI_Varela_Andres_Penagos_Camilo/PSP0/Compile" start="@1480178116000" delta="124" comment="Penagos" />
  <time id="59" path="/ProyectoFinalAPOI_Varela_Andres_Penagos_Camilo/PSP0/Test" start="@1480192665000" delta="202" />
  <time id="60" path="/ProyectoFinalAPOI_Varela_Andres_Penagos_Camilo/PSP0/Test" start="@1480193445000" delta="185" />
  <time id="61" path="/ProyectoFinalAPOI_Varela_Andres_Penagos_Camilo/PSP0/Postmortem" start="@1480217958040" />
  <time id="62" path="/ProyectoFinalAPOI_Varela_Andres_Penagos_Camilo/PSP0/Postmortem" start="@1480217958354" />
  <time id="63" path="/U1L2_Varela_David/PSP0/Planning" start="@1485534027282" delta="18" />
  <time id="64" path="/U1L2_Varela_David/PSP0/Planning" start="@1485635382965" delta="27" />
  <time id="65" path="/U1L2_Varela_David/PSP0/Planning" start="@1485638132180" delta="49" />
  <time id="66" path="/U1L2_Varela_David/PSP0/Design" start="@1485641077334" delta="66" />
  <time id="67" path="/U1L2_Varela_David/PSP0/Code" start="@1485645043820" delta="371" />
  <time id="68" path="/U1L2_Varela_David/PSP0/Compile" start="@1485667299702" delta="60" />
  <time id="69" path="/U1L2_Varela_David/PSP0/Test" start="@1485705100101" delta="88" />
  <time id="70" path="/Varela_David_U1L3/PSP0/Planning" start="@1486215599688" delta="12" />
  <time id="71" path="/Varela_David_U1L3/PSP0/Design" start="@1486231374477" delta="149" />
  <time id="72" path="/Varela_David_U1L3/PSP0/Code" start="@1486240330173" delta="144" />
  <time id="73" path="/Varela_David_U1L3/PSP0/Compile" start="@1486248949475" delta="122" />
  <time id="74" path="/Varela_David_U1L3/PSP0/Test" start="@1486256303874" delta="23" />
  <time id="75" path="/Varela_David.Penagos_Camilo_U2L1/PSP0/Planning" start="@1486741714839" delta="75" />
  <time id="76" path="/Varela_David.Penagos_Camilo_U2L1/PSP0/Design" start="@1486746223458" delta="46" />
  <time id="77" path="/Varela_David.Penagos_Camilo_U2L1/PSP0/Design" start="@1486839392327" delta="175" />
  <time id="78" path="/Varela_David.Penagos_Camilo_U2L1/PSP0/Code" start="@1486929334883" delta="282" />
  <time id="79" path="/Varela_David.Penagos_Camilo_U2L1/PSP0/Compile" start="@1486946232574" delta="40" />
  <time id="80" path="/Varela_David.Penagos_Camilo_U2L1/PSP0/Test" start="@1486948645768" delta="20" />
  <time id="81" path="/U2L2_Varela_David/PSP0/Planning" start="@1487453965030" delta="81" />
  <time id="82" path="/U2L2_Varela_David/PSP0/Design" start="@1487462447770" delta="118" />
  <time id="83" path="/U2L2_Varela_David/PSP0/Code" start="@1487469557212" delta="101" />
  <time id="84" path="/U2L2_Varela_David/PSP0/Compile" start="@1487475590948" delta="14" />
  <time id="85" path="/U2L2_Varela_David/PSP0/Compile" start="@1487517692602" delta="22" />
  <time id="86" path="/U2L2_Varela_David/PSP0/Test" start="@1487519018648" delta="19" />
  <time id="93" path="/U3L2_Varela_David/PSP0/Planning" start="@1489328232270" delta="11" />
  <time id="95" path="/U3L2_Varela_David/PSP0/Design" start="@1489330068615" delta="11" />
  <time id="96" path="/U3L2_Varela_David/PSP0/Code" start="@1489330731622" delta="190" />
  <time id="97" path="/U3L2_Varela_David/PSP0/Compile" start="@1489342122800" delta="27" />
  <time id="98" path="/U4L1_Varela_Andres/PSP0/Planning" start="@1489674514326" delta="24" />
  <time id="99" path="/U4L1_Varela_Andres/PSP0/Design" start="@1489675957153" delta="2822" />
  <time id="100" path="/U4L1_Varela_Andres/PSP0/Code" start="@1489849574433" delta="191" />
  <time id="102" path="/U4L1_Varela_Andres/PSP0/Compile" start="@1489884960000" delta="30" />
  <time id="103" path="/U4L1_Varela_Andres/PSP0/Test" start="@1489895770000" delta="33" />
  <time id="104" path="/Andres_Varela_U4L2/PSP0/Planning" start="@1490408370109" delta="11" />
  <time id="105" path="/Andres_Varela_U4L2/PSP0/Planning" start="@1490414033151" delta="1" />
  <time id="106" path="/Andres_Varela_U4L2/PSP0/Design" start="@1490414099440" delta="32" />
  <time id="107" path="/Andres_Varela_U4L2/PSP0/Code" start="@1490414806807" delta="114" />
  <time id="108" path="/Andres_Varela_U4L2/PSP0/Code" start="@1490458182183" delta="27" />
  <time id="109" path="/Andres_Varela_U4L2/PSP0/Compile" start="@1490461662790" delta="24" />
  <time id="110" path="/Andres_Varela_U4L2/PSP0/Test" start="@1490463086916" delta="2" />
  <time id="111" path="/Andres_Varela_U5L1/PSP0/Planning" start="@1491597367205" delta="23" />
  <time id="112" path="/Andres_Varela_U5L1/PSP0/Design" start="@1491598767771" delta="57" />
  <time id="113" path="/Andres_Varela_U5L1/PSP0/Code" start="@1491605810085" delta="85" />
  <time id="114" path="/Andres_Varela_U5L1/PSP0/Compile" start="@1491615736975" delta="24" />
  <time id="115" path="/Andres_Varela_U5L1/PSP0/Test" start="@1491617154961" delta="11" />
  <time id="116" path="/Andres_Varela_U5L1/PSP0/Postmortem" start="@1491617788668" delta="6" />
  <time id="117" path="/U5L2_Varela_Andres/PSP0/Planning" start="@1492870694750" delta="38" />
  <time id="118" path="/U5L2_Varela_Andres/PSP0/Design" start="@1492876563044" delta="37" />
  <time id="119" path="/U5L2_Varela_Andres/PSP0/Code" start="@1492878797628" delta="101" />
  <time id="120" path="/U5L2_Varela_Andres/PSP0/Code" start="@1492897818667" delta="46" />
  <time id="121" path="/U5L2_Varela_Andres/PSP0/Compile" start="@1492900550301" delta="37" />
  <time id="122" path="/U5L2_Varela_Andres/PSP0/Test" start="@1492905770126" delta="15" />
  <time id="123" path="/U6L1_Varela_Andres/PSP0/Planning" start="@1493398080938" delta="49" />
  <time id="124" path="/U6L1_Varela_Andres/PSP0/Design" start="@1493474753230" delta="12" />
  <time id="125" path="/U6L1_Varela_Andres/PSP0/Code" start="@1493475486669" delta="34" />
  <time id="126" path="/U6L1_Varela_Andres/PSP0/Code" start="@1493567094219" delta="7" />
  <time id="127" path="/U6L1_Varela_Andres/PSP0/Code" start="@1493570965508" delta="93" />
  <time id="128" path="/U6L1_Varela_Andres/PSP0/Compile" start="@1493576532398" delta="54" />
  <time id="129" path="/U6L1_Varela_Andres/PSP0/Test" start="@1493579796664" delta="14" />
  <time id="130" path="/U6L2_Varela_Andres/PSP0/Planning" start="@1494082077106" delta="42" />
  <time id="131" path="/U6L2_Varela_Andres/PSP0/Design" start="@1494093017946" delta="58" />
  <time id="132" path="/U6L2_Varela_Andres/PSP0/Code" start="@1494096494706" delta="116" interrupt="74" />
  <time id="133" path="/U6L2_Varela_Andres/PSP0/Compile" start="@1494183864898" delta="49" />
  <time id="134" path="/U6L2_Varela_Andres/PSP0/Test" start="@1494190491109" delta="20" />
  <time id="135" path="/Tiempo_Varela_Proyecto/PSP0/Planning" start="@1494866244043" delta="115" />
  <time id="136" path="/Tiempo_Varela_Proyecto/PSP0/Planning" start="@1495064126179" delta="130" />
  <time id="137" path="/Tiempo_Varela_Proyecto/PSP0/Design" start="@1495071934827" delta="230" />
  <time id="138" path="/Tiempo_Varela_Proyecto/PSP0/Design" start="@1494692452000" delta="102" />
  <time id="139" path="/Tiempo_Varela_Proyecto/PSP0/Code" start="@1495085759316" delta="189" />
  <time id="141" path="/Tiempo_Varela_Proyecto/PSP0/Code" start="@1495257845184" delta="74" />
  <time id="140" path="/Tiempo_Varela_Proyecto/PSP0/Code" start="@1495243473000" delta="245" />
  <time id="142" path="/Tiempo_Varela_Proyecto/PSP0/Code" start="@1495313443337" delta="270" />
  <time id="143" path="/Tiempo_Varela_Proyecto/PSP0/Code" start="@1495387461144" delta="36" />
  <time id="144" path="/Tiempo_Varela_Proyecto/PSP0/Compile" start="@1495426347431" delta="136" />
  <time id="145" path="/Tiempo_Varela_Proyecto/PSP0/Compile" start="@1495522348140" delta="67" />
</timeLogEntries>
